source,target
TshirtPainter,BayAlden
angela_willi010,BettyRHelton1
lauravarnam,KVMFinn
lauravarnam,medievalismish
MFrizqi,RarePopFacts
AnaMevaS,LsgMx2
Keirseydotcom,bleedingcool
Factable,trendchasernews
QueenDarklina,ASOlAFdany
RealOwinoPaul,TajSwallah
medievalismish,KVMFinn
LaughTale77,casterlyrock8
LaughTale77,twinslion66
madmanmarz,TheGamingGround
SelfPubShowcase,authorejamie
SelfPubShowcase,ExilianOfficial
SelfPubShowcase,BotafogoBoy
SelfPubShowcase,BayAlden
SelfPubShowcase,ebmom
TheGamingGround,madmanmarz
TheGamingGround,GamerFoxem
Bledenmark,zaldrizesse
vrojas33172_v,FanFestNews
FirstWorldPains,Factable
FirstWorldPains,trendchasernews
FansOfBOB,ZombieLeader1
zaldrizesse,Bledenmark
Jhaqual,Obijuan_cube
cafero91,Obijuan_cube
bonniesrg,bleedingcool
bonniesrg,HarperVoyagerUK
KVMFinn,lauravarnam
KVMFinn,DireJackalope
KVMFinn,medievalismish
KVMFinn,ShokoofehR
abakaroooona,Digno1994
omgthatspunny,Factable
omgthatspunny,trendchasernews
casterlyrock8,twinslion66
casterlyrock8,LaughTale77
RarePopFacts,KevinHert4Real
gipsipink,_DCWorld
ZombieLeader1,bleedingcool
ZombieLeader1,FanFestNews
twinslion66,casterlyrock8
twinslion66,LaughTale77
sftme,Obijuan_cube
SHIELD221287,bleedingcool
SHIELD221287,FanFestNews
DireJackalope,KVMFinn
razordawn_,WesterosCraft
DICELookAss,WesterosCraft
_DCWorld,bleedingcool
_DCWorld,RebeccaCann23
_DCWorld,GothamiteClaire
_DCWorld,FanFestNews
Celticdream1989,Spider_Gina
Gr33nHand,WesterosCraft
ShokoofehR,KVMFinn
mypurplebubble,clemmie_s
LoriWCox1,PeggyRJones1
DeliaCCastro1,angela_willi010
DeliaCCastro1,BettyRHelton1
DeliaCCastro1,PeggyRJones1
clemmie_s,mypurplebubble
GothamiteClaire,_DCWorld
GothamiteClaire,FanFestNews
BettyRHelton1,DeliaCCastro1
BettyRHelton1,angela_willi010
BettyRHelton1,LoriWCox1
BettyRHelton1,PeggyRJones1
Digno1994,abakaroooona
WesterosCraft,razordawn_
WesterosCraft,Gr33nHand
KevinHert4Real,RarePopFacts
FemalePains,Factable
FemalePains,trendchasernews
RebeccaCann23,_DCWorld
TajSwallah,RealOwinoPaul
GamerFoxem,madmanmarz
GamerFoxem,TheGamingGround
